epoch,voltage
4657,1.3036
4658,1.3002
4659,1.2980
4660,1.3051
4661,1.3132
4662,1.3182
4663,1.3203
4664,1.3225
4665,1.3262
4666,1.3299
4667,1.3337
4668,1.3368
4669,1.3395
4670,1.3420
4671,1.3448
4672,1.3476
4673,1.3501
4674,1.3523
4675,1.3544
4676,1.3569
4677,1.3585
4678,1.3603
4679,1.3622
4680,1.3640
4681,1.3656
4682,1.3674
4683,1.3690
4684,1.3699
4685,1.3718
4686,1.3730
4687,1.3743
4688,1.3755
4689,1.3767
4690,1.3780
4691,1.3792
4692,1.3805
4693,1.3814
4694,1.3826
4695,1.3836
4696,1.3845
4697,1.3854
4698,1.3864
4699,1.3876
4700,1.3888
4701,1.3895
4702,1.3901
4703,1.3910
4704,1.3919
4705,1.3929
4706,1.3935
4707,1.3944
4708,1.3957
4709,1.3960
4710,1.3969
4711,1.3975
4712,1.3984
4713,1.3991
4714,1.3997
4715,1.4006
4716,1.4012
4717,1.4022
4718,1.4028
4719,1.4034
4720,1.4040
4721,1.4046
4722,1.4053
4723,1.4059
4724,1.4065
4725,1.4071
4726,1.4078
4727,1.4084
4728,1.4090
4729,1.4093
4730,1.4102
4731,1.4109
4732,1.4115
4733,1.4121
4734,1.4127
4735,1.4133
4736,1.4136
4737,1.4143
4738,1.4146
4739,1.4155
4740,1.4158
4741,1.4164
4742,1.4167
4743,1.4174
4744,1.4180
4745,1.4186
4746,1.4192
4747,1.4195
4748,1.4202
4749,1.4205
4750,1.4211
4751,1.4217
4752,1.4220
4753,1.4226
4754,1.4229
4755,1.4236
4756,1.4242
4757,1.4245
4758,1.4251
4759,1.4254
4760,1.4257
4761,1.4267
4762,1.4270
4763,1.4276
4764,1.4279
4765,1.4285
4766,1.4288
4767,1.4295
4768,1.4295
4769,1.4301
4770,1.4304
4771,1.4307
4772,1.4313
4773,1.4316
4774,1.4319
4775,1.4329
4776,1.4329
4777,1.4335
4778,1.4344
4779,1.4347
4780,1.4350
4781,1.4353
4782,1.4357
4783,1.4363
4784,1.4366
4785,1.4369
4786,1.4375
4787,1.4378
4788,1.4381
4789,1.4384
4790,1.4388
4791,1.4394
4792,1.4397
4793,1.4403
4794,1.4403
4795,1.4409
4796,1.4412
4797,1.4415
4798,1.4425
4799,1.4428
4800,1.4434
4801,1.4437
4802,1.4440
4803,1.4446
4804,1.4450
4805,1.4453
4806,1.4456
4807,1.4459
4808,1.4465
4809,1.4465
4810,1.4468
4811,1.4474
4812,1.4477
4813,1.4484
4814,1.4487
4815,1.4490
4816,1.4493
4817,1.4496
4818,1.4505
4819,1.4508
4820,1.4512
4821,1.4518
4822,1.4518
4823,1.4524
4824,1.4527
4825,1.4530
4826,1.4533
4827,1.4539
4828,1.4543
4829,1.4546
4830,1.4549
4831,1.4552
4832,1.4558
4833,1.4561
4834,1.4564
4835,1.4567
4836,1.4574
4837,1.4577
4838,1.4583
4839,1.4589
4840,1.4592
4841,1.4595
4842,1.4601
4843,1.4601
4844,1.4608
4845,1.4611
4846,1.4614
4847,1.4620
4848,1.4623
4849,1.4626
4850,1.4629
4851,1.4636
4852,1.4639
4853,1.4639
4854,1.4648
4855,1.4651
4856,1.4654
4857,1.4660
4858,1.4663
4859,1.4670
4860,1.4676
4861,1.4676
4862,1.4679
4863,1.4685
4864,1.4688
4865,1.4694
4866,1.4698
4867,1.4701
4868,1.4704
4869,1.4710
4870,1.4713
4871,1.4719
4872,1.4719
4873,1.4729
4874,1.4732
4875,1.4735
4876,1.4741
4877,1.4747
4878,1.4750
4879,1.4756
4880,1.4760
4881,1.4763
4882,1.4769
4883,1.4775
4884,1.4778
4885,1.4784
4886,1.4787
4887,1.4791
4888,1.4797
4889,1.4800
4890,1.4803
4891,1.4809
4892,1.4818
4893,1.4822
4894,1.4825
4895,1.4831
4896,1.4837
4897,1.4843
4898,1.4846
4899,1.4849
4900,1.4856
4901,1.4859
4902,1.4862
4903,1.4868
4904,1.4871
4905,1.4877
4906,1.4880
4907,1.4887
4908,1.4893
4909,1.4902
4910,1.4905
4911,1.4908
4912,1.4915
4913,1.4918
4914,1.4924
4915,1.4930
4916,1.4933
4917,1.4939
4918,1.4946
4919,1.4949
4920,1.4955
4921,1.4961
4922,1.4967
4923,1.4970
4924,1.4980
4925,1.4986
4926,1.4989
4927,1.4995
4928,1.5001
4929,1.5008
4930,1.5014
4931,1.5020
4932,1.5023
4933,1.5029
4934,1.5035
4935,1.5042
4936,1.5048
4937,1.5057
4938,1.5060
4939,1.5066
4940,1.5073
4941,1.5082
4942,1.5088
4943,1.5094
4944,1.5097
4945,1.5104
4946,1.5110
4947,1.5119
4948,1.5125
4949,1.5135
4950,1.5141
4951,1.5150
4952,1.5153
4953,1.5159
4954,1.5166
4955,1.5175
4956,1.5181
4957,1.5187
4958,1.5194
4959,1.5203
4960,1.5209
4961,1.5221
4962,1.5225
4963,1.5234
4964,1.5243
4965,1.5249
4966,1.5256
4967,1.5265
4968,1.5274
4969,1.5283
4970,1.5293
4971,1.5302
4972,1.5308
4973,1.5318
4974,1.5324
4975,1.5333
4976,1.5342
4977,1.5352
4978,1.5361
4979,1.5373
4980,1.5383
4981,1.5389
4982,1.5401
4983,1.5411
4984,1.5423
4985,1.5432
4986,1.5442
4987,1.5454
4988,1.5466
4989,1.5476
4990,1.5485
4991,1.5500
4992,1.5507
4993,1.5522
4994,1.5535
4995,1.5544
4996,1.5556
4997,1.5569
4998,1.5581
4999,1.5593
5000,1.5612
5001,1.5625
5002,1.5640
5003,1.5652
5004,1.5662
5005,1.5680
5006,1.5696
5007,1.5711
5008,1.5727
5009,1.5742
5010,1.5758
5011,1.5776
5012,1.5795
5013,1.5814
5014,1.5829
5015,1.5851
5016,1.5873
5017,1.5891
5018,1.5910
5019,1.5931
5020,1.5956
5021,1.5978
5022,1.6006
5023,1.6031
5024,1.6055
5025,1.6086
5026,1.6111
5027,1.6142
5028,1.6176
5029,1.6210
5030,1.6248
5031,1.6285
5032,1.6331
5033,1.6375
5034,1.6427
5035,1.6480
5036,1.6545
5037,1.6623
5038,1.6716
5039,1.6827
5040,1.6989
5041,1.7001
5042,1.1687
5043,1.1064
5044,1.1095
5045,1.1123
5046,1.1101
5047,1.1049
5048,1.1005
5049,1.0984
5050,1.0965
5051,1.0940
5052,1.0915
5053,1.0894
5054,1.0875
5055,1.0853
5056,1.0835
5057,1.0819
5058,1.0797
5059,1.0779
5060,1.0763
5061,1.0748
5062,1.0732
5063,1.0717
5064,1.0701
5065,1.0686
5066,1.0673
5067,1.0661
5068,1.0646
5069,1.0633
5070,1.0621
5071,1.0605
5072,1.0593
5073,1.0580
5074,1.0568
5075,1.0556
5076,1.0543
5077,1.0531
5078,1.0522
5079,1.0512
5080,1.0500
5081,1.0491
5082,1.0481
5083,1.0472
5084,1.0460
5085,1.0447
5086,1.0441
5087,1.0432
5088,1.0422
5089,1.0410
5090,1.0404
5091,1.0394
5092,1.0385
5093,1.0376
5094,1.0370
5095,1.0360
5096,1.0354
5097,1.0345
5098,1.0336
5099,1.0329
5100,1.0320
5101,1.0314
5102,1.0305
5103,1.0295
5104,1.0289
5105,1.0283
5106,1.0274
5107,1.0267
5108,1.0261
5109,1.0255
5110,1.0249
5111,1.0239
5112,1.0236
5113,1.0227
5114,1.0218
5115,1.0215
5116,1.0205
5117,1.0202
5118,1.0193
5119,1.0190
5120,1.0184
5121,1.0177
5122,1.0171
5123,1.0165
5124,1.0159
5125,1.0156
5126,1.0146
5127,1.0143
5128,1.0134
5129,1.0128
5130,1.0125
5131,1.0119
5132,1.0112
5133,1.0109
5134,1.0106
5135,1.0100
5136,1.0094
5137,1.0091
5138,1.0084
5139,1.0081
5140,1.0075
5141,1.0069
5142,1.0063
5143,1.0060
5144,1.0053
5145,1.0050
5146,1.0041
5147,1.0041
5148,1.0035
5149,1.0032
5150,1.0022
5151,1.0022
5152,1.0016
5153,1.0013
5154,1.0007
5155,1.0004
5156,0.9998
5157,0.9995
5158,0.9985
5159,0.9979
5160,0.9976
5161,0.9973
5162,0.9970
5163,0.9967
5164,0.9960
5165,0.9957
5166,0.9954
5167,0.9948
5168,0.9942
5169,0.9936
5170,0.9933
5171,0.9933
5172,0.9929
5173,0.9923
5174,0.9920
5175,0.9917
5176,0.9911
5177,0.9905
5178,0.9902
5179,0.9895
5180,0.9892
5181,0.9886
5182,0.9883
5183,0.9883
5184,0.9877
5185,0.9871
5186,0.9871
5187,0.9864
5188,0.9861
5189,0.9858
5190,0.9852
5191,0.9849
5192,0.9846
5193,0.9843
5194,0.9840
5195,0.9830
5196,0.9827
5197,0.9824
5198,0.9818
5199,0.9818
5200,0.9815
5201,0.9809
5202,0.9802
5203,0.9799
5204,0.9796
5205,0.9790
5206,0.9790
5207,0.9784
5208,0.9778
5209,0.9774
5210,0.9771
5211,0.9768
5212,0.9765
5213,0.9759
5214,0.9756
5215,0.9750
5216,0.9747
5217,0.9740
5218,0.9737
5219,0.9734
5220,0.9728
5221,0.9725
5222,0.9722
5223,0.9716
5224,0.9712
5225,0.9709
5226,0.9703
5227,0.9700
5228,0.9694
5229,0.9691
5230,0.9688
5231,0.9681
5232,0.9678
5233,0.9669
5234,0.9666
5235,0.9660
5236,0.9657
5237,0.9650
5238,0.9647
5239,0.9641
5240,0.9638
5241,0.9635
5242,0.9629
5243,0.9626
5244,0.9623
5245,0.9616
5246,0.9613
5247,0.9607
5248,0.9604
5249,0.9598
5250,0.9588
5251,0.9585
5252,0.9579
5253,0.9576
5254,0.9570
5255,0.9567
5256,0.9561
5257,0.9557
5258,0.9554
5259,0.9548
5260,0.9542
5261,0.9539
5262,0.9533
5263,0.9530
5264,0.9523
5265,0.9520
5266,0.9517
5267,0.9508
5268,0.9502
5269,0.9502
5270,0.9495
5271,0.9489
5272,0.9486
5273,0.9483
5274,0.9477
5275,0.9474
5276,0.9471
5277,0.9464
5278,0.9461
5279,0.9455
5280,0.9452
5281,0.9449
5282,0.9443
5283,0.9440
5284,0.9433
5285,0.9427
5286,0.9421
5287,0.9418
5288,0.9412
5289,0.9409
5290,0.9402
5291,0.9399
5292,0.9393
5293,0.9387
5294,0.9381
5295,0.9378
5296,0.9375
5297,0.9368
5298,0.9362
5299,0.9353
5300,0.9350
5301,0.9343
5302,0.9340
5303,0.9334
5304,0.9328
5305,0.9325
5306,0.9319
5307,0.9312
5308,0.9306
5309,0.9303
5310,0.9297
5311,0.9291
5312,0.9288
5313,0.9281
5314,0.9272
5315,0.9266
5316,0.9260
5317,0.9254
5318,0.9247
5319,0.9244
5320,0.9238
5321,0.9232
5322,0.9226
5323,0.9219
5324,0.9213
5325,0.9207
5326,0.9201
5327,0.9195
5328,0.9188
5329,0.9182
5330,0.9173
5331,0.9167
5332,0.9161
5333,0.9151
5334,0.9148
5335,0.9142
5336,0.9133
5337,0.9126
5338,0.9120
5339,0.9108
5340,0.9105
5341,0.9095
5342,0.9086
5343,0.9080
5344,0.9074
5345,0.9068
5346,0.9061
5347,0.9052
5348,0.9046
5349,0.9033
5350,0.9024
5351,0.9018
5352,0.9009
5353,0.9002
5354,0.8993
5355,0.8984
5356,0.8975
5357,0.8965
5358,0.8953
5359,0.8944
5360,0.8937
5361,0.8925
5362,0.8916
5363,0.8906
5364,0.8897
5365,0.8885
5366,0.8869
5367,0.8860
5368,0.8851
5369,0.8841
5370,0.8826
5371,0.8816
5372,0.8801
5373,0.8785
5374,0.8773
5375,0.8761
5376,0.8748
5377,0.8733
5378,0.8714
5379,0.8699
5380,0.8686
5381,0.8668
5382,0.8652
5383,0.8634
5384,0.8621
5385,0.8599
5386,0.8584
5387,0.8562
5388,0.8541
5389,0.8519
5390,0.8497
5391,0.8472
5392,0.8448
5393,0.8426
5394,0.8395
5395,0.8367
5396,0.8339
5397,0.8305
5398,0.8274
5399,0.8240
5400,0.8206
5401,0.8172
5402,0.8131
5403,0.8094
5404,0.8054
5405,0.8014
5406,0.7967
5407,0.7917
5408,0.7874
5409,0.7824
5410,0.7775
5411,0.7725
5412,0.7663
5413,0.7604
5414,0.7536
5415,0.7455
5416,0.7359
5417,0.7245
5418,0.7068
5419,0.6795
5420,0.6231
5421,0.5515
5422,0.5040
5423,0.4997
5424,0.9654
5425,1.2968
5426,1.2937
5427,1.2903
5428,1.2899
5429,1.2996
5430,1.3070
5431,1.3101
5432,1.3120
5433,1.3160
5434,1.3203
5435,1.3244
5436,1.3271
5437,1.3299
5438,1.3333
5439,1.3361
5440,1.3386
5441,1.3414
5442,1.3439
5443,1.3461
5444,1.3485
5445,1.3507
5446,1.3529
5447,1.3544
5448,1.3566
5449,1.3581
5450,1.3600
5451,1.3616
5452,1.3628
5453,1.3647
5454,1.3659
5455,1.3671
5456,1.3687
5457,1.3699
5458,1.3715
5459,1.3724
5460,1.3736
5461,1.3749
5462,1.3758
5463,1.3771
5464,1.3780
5465,1.3792
5466,1.3802
5467,1.3811
5468,1.3820
5469,1.3826
5470,1.3839
5471,1.3848
5472,1.3854
5473,1.3860
5474,1.3873
5475,1.3879
5476,1.3888
5477,1.3895
5478,1.3904
5479,1.3910
5480,1.3919
5481,1.3926
5482,1.3929
5483,1.3938
5484,1.3944
5485,1.3957
5486,1.3963
5487,1.3966
5488,1.3972
5489,1.3978
5490,1.3984
5491,1.3994
5492,1.3997
5493,1.4003
5494,1.4009
5495,1.4015
5496,1.4022
5497,1.4031
5498,1.4037
5499,1.4040
5500,1.4046
5501,1.4050
5502,1.4056
5503,1.4062
5504,1.4071
5505,1.4071
5506,1.4078
5507,1.4084
5508,1.4090
5509,1.4096
5510,1.4099
5511,1.4102
5512,1.4112
5513,1.4115
5514,1.4121
5515,1.4127
5516,1.4130
5517,1.4136
5518,1.4143
5519,1.4146
5520,1.4149
5521,1.4155
5522,1.4158
5523,1.4167
5524,1.4171
5525,1.4174
5526,1.4180
5527,1.4186
5528,1.4192
5529,1.4195
5530,1.4202
5531,1.4205
5532,1.4211
5533,1.4214
5534,1.4220
5535,1.4226
5536,1.4233
5537,1.4236
5538,1.4242
5539,1.4248
5540,1.4248
5541,1.4254
5542,1.4260
5543,1.4267
5544,1.4273
5545,1.4276
5546,1.4282
5547,1.4282
5548,1.4288
5549,1.4295
5550,1.4298
5551,1.4304
5552,1.4307
5553,1.4310
5554,1.4316
5555,1.4322
5556,1.4326
5557,1.4332
5558,1.4335
5559,1.4344
5560,1.4347
5561,1.4353
5562,1.4357
5563,1.4360
5564,1.4366
5565,1.4372
5566,1.4375
5567,1.4381
5568,1.4384
5569,1.4391
5570,1.4394
5571,1.4400
5572,1.4403
5573,1.4409
5574,1.4412
5575,1.4415
5576,1.4425
5577,1.4428
5578,1.4431
5579,1.4440
5580,1.4443
5581,1.4450
5582,1.4453
5583,1.4456
5584,1.4462
5585,1.4465
5586,1.4471
5587,1.4474
5588,1.4481
5589,1.4484
5590,1.4487
5591,1.4493
5592,1.4496
5593,1.4502
5594,1.4505
5595,1.4512
5596,1.4515
5597,1.4524
5598,1.4527
5599,1.4530
5600,1.4533
5601,1.4539
5602,1.4543
5603,1.4549
5604,1.4555
5605,1.4558
5606,1.4561
5607,1.4567
5608,1.4570
5609,1.4577
5610,1.4583
5611,1.4586
5612,1.4592
5613,1.4598
5614,1.4601
5615,1.4608
5616,1.4611
5617,1.4614
5618,1.4620
5619,1.4626
5620,1.4626
5621,1.4632
5622,1.4639
5623,1.4642
5624,1.4648
5625,1.4654
5626,1.4660
5627,1.4663
5628,1.4670
5629,1.4673
5630,1.4679
5631,1.4682
5632,1.4685
5633,1.4691
5634,1.4694
5635,1.4701
5636,1.4707
5637,1.4710
5638,1.4716
5639,1.4722
5640,1.4722
5641,1.4729
5642,1.4732
5643,1.4741
5644,1.4744
5645,1.4750
5646,1.4753
5647,1.4760
5648,1.4763
5649,1.4766
5650,1.4769
5651,1.4775
5652,1.4778
5653,1.4784
5654,1.4787
5655,1.4791
5656,1.4797
5657,1.4800
5658,1.4806
5659,1.4809
5660,1.4818
5661,1.4822
5662,1.4828
5663,1.4834
5664,1.4837
5665,1.4840
5666,1.4843
5667,1.4849
5668,1.4856
5669,1.4859
5670,1.4862
5671,1.4868
5672,1.4871
5673,1.4877
5674,1.4877
5675,1.4884
5676,1.4890
5677,1.4893
5678,1.4902
5679,1.4905
5680,1.4911
5681,1.4915
5682,1.4918
5683,1.4924
5684,1.4930
5685,1.4936
5686,1.4939
5687,1.4946
5688,1.4949
5689,1.4955
5690,1.4958
5691,1.4964
5692,1.4967
5693,1.4977
5694,1.4983
5695,1.4986
5696,1.4992
5697,1.4998
5698,1.5004
5699,1.5011
5700,1.5014
5701,1.5020
5702,1.5026
5703,1.5029
5704,1.5035
5705,1.5042
5706,1.5048
5707,1.5057
5708,1.5063
5709,1.5070
5710,1.5076
5711,1.5082
5712,1.5088
5713,1.5094
5714,1.5101
5715,1.5104
5716,1.5110
5717,1.5119
5718,1.5125
5719,1.5138
5720,1.5141
5721,1.5147
5722,1.5156
5723,1.5163
5724,1.5169
5725,1.5175
5726,1.5181
5727,1.5190
5728,1.5200
5729,1.5209
5730,1.5218
5731,1.5228
5732,1.5234
5733,1.5240
5734,1.5249
5735,1.5256
5736,1.5265
5737,1.5274
5738,1.5283
5739,1.5296
5740,1.5302
5741,1.5308
5742,1.5318
5743,1.5327
5744,1.5336
5745,1.5345
5746,1.5355
5747,1.5364
5748,1.5376
5749,1.5386
5750,1.5398
5751,1.5407
5752,1.5417
5753,1.5426
5754,1.5438
5755,1.5454
5756,1.5463
5757,1.5476
5758,1.5488
5759,1.5497
5760,1.5510
5761,1.5522
5762,1.5538
5763,1.5550
5764,1.5562
5765,1.5575
5766,1.5584
5767,1.5600
5768,1.5615
5769,1.5631
5770,1.5643
5771,1.5656
5772,1.5668
5773,1.5693
5774,1.5705
5775,1.5721
5776,1.5733
5777,1.5752
5778,1.5773
5779,1.5789
5780,1.5807
5781,1.5823
5782,1.5848
5783,1.5863
5784,1.5888
5785,1.5904
5786,1.5928
5787,1.5953
5788,1.5975
5789,1.5997
5790,1.6024
5791,1.6049
5792,1.6077
5793,1.6105
5794,1.6136
5795,1.6170
5796,1.6204
5797,1.6245
5798,1.6279
5799,1.6322
5800,1.6365
5801,1.6418
5802,1.6471
5803,1.6536
5804,1.6613
5805,1.6700
5806,1.6812
5807,1.6967
5808,1.7001
5809,1.1768
5810,1.1039
5811,1.1067
5812,1.1092
5813,1.1073
5814,1.1018
5815,1.0980
5816,1.0956
5817,1.0931
5818,1.0912
5819,1.0887
5820,1.0863
5821,1.0841
5822,1.0819
5823,1.0797
5824,1.0776
5825,1.0757
5826,1.0742
5827,1.0720
5828,1.0701
5829,1.0686
5830,1.0667
5831,1.0652
5832,1.0636
5833,1.0618
5834,1.0602
5835,1.0590
5836,1.0574
5837,1.0562
5838,1.0546
5839,1.0534
5840,1.0522
5841,1.0509
5842,1.0497
5843,1.0484
5844,1.0472
5845,1.0456
5846,1.0447
5847,1.0435
5848,1.0422
5849,1.0413
5850,1.0404
5851,1.0394
5852,1.0379
5853,1.0373
5854,1.0360
5855,1.0351
5856,1.0342
5857,1.0332
5858,1.0323
5859,1.0308
5860,1.0305
5861,1.0295
5862,1.0286
5863,1.0277
5864,1.0270
5865,1.0261
5866,1.0255
5867,1.0246
5868,1.0236
5869,1.0227
5870,1.0221
5871,1.0215
5872,1.0205
5873,1.0196
5874,1.0190
5875,1.0184
5876,1.0174
5877,1.0168
5878,1.0159
5879,1.0153
5880,1.0146
5881,1.0137
5882,1.0131
5883,1.0125
5884,1.0119
5885,1.0112
5886,1.0103
5887,1.0097
5888,1.0091
5889,1.0084
5890,1.0078
5891,1.0075
5892,1.0063
5893,1.0057
5894,1.0053
5895,1.0047
5896,1.0041
5897,1.0035
5898,1.0029
5899,1.0026
5900,1.0016
5901,1.0013
5902,1.0010
5903,1.0001
5904,0.9995
5905,0.9985
5906,0.9982
5907,0.9976
5908,0.9970
5909,0.9967
5910,0.9960
5911,0.9954
5912,0.9948
5913,0.9942
5914,0.9936
5915,0.9933
5916,0.9923
5917,0.9920
5918,0.9911
5919,0.9905
5920,0.9902
5921,0.9895
5922,0.9889
5923,0.9883
5924,0.9880
5925,0.9877
5926,0.9867
5927,0.9861
5928,0.9858
5929,0.9855
5930,0.9852
5931,0.9846
5932,0.9840
5933,0.9836
5934,0.9827
5935,0.9821
5936,0.9818
5937,0.9812
5938,0.9809
5939,0.9805
5940,0.9799
5941,0.9796
5942,0.9790
5943,0.9787
5944,0.9784
5945,0.9778
5946,0.9774
5947,0.9771
5948,0.9765
5949,0.9759
5950,0.9750
5951,0.9747
5952,0.9743
5953,0.9737
5954,0.9737
5955,0.9731
5956,0.9725
5957,0.9722
5958,0.9719
5959,0.9712
5960,0.9709
5961,0.9703
5962,0.9700
5963,0.9694
5964,0.9691
5965,0.9688
5966,0.9681
5967,0.9678
5968,0.9669
5969,0.9663
5970,0.9660
5971,0.9657
5972,0.9650
5973,0.9647
5974,0.9641
5975,0.9638
5976,0.9635
5977,0.9629
5978,0.9626
5979,0.9623
5980,0.9616
5981,0.9610
5982,0.9607
5983,0.9601
5984,0.9598
5985,0.9588
5986,0.9585
5987,0.9579
5988,0.9576
5989,0.9573
5990,0.9567
5991,0.9564
5992,0.9557
5993,0.9551
5994,0.9548
5995,0.9542
5996,0.9539
5997,0.9536
5998,0.9526
5999,0.9523
6000,0.9520
6001,0.9517
6002,0.9505
6003,0.9502
6004,0.9495
6005,0.9492
6006,0.9486
6007,0.9480
6008,0.9477
6009,0.9471
6010,0.9468
6011,0.9461
6012,0.9458
6013,0.9452
6014,0.9446
6015,0.9443
6016,0.9433
6017,0.9427
6018,0.9424
6019,0.9418
6020,0.9415
6021,0.9406
6022,0.9402
6023,0.9399
6024,0.9393
6025,0.9387
6026,0.9381
6027,0.9378
6028,0.9371
6029,0.9362
6030,0.9359
6031,0.9350
6032,0.9343
6033,0.9337
6034,0.9331
6035,0.9328
6036,0.9322
6037,0.9316
6038,0.9309
6039,0.9303
6040,0.9297
6041,0.9291
6042,0.9285
6043,0.9278
6044,0.9269
6045,0.9260
6046,0.9254
6047,0.9247
6048,0.9238
6049,0.9235
6050,0.9226
6051,0.9219
6052,0.9213
6053,0.9204
6054,0.9195
6055,0.9185
6056,0.9179
6057,0.9173
6058,0.9167
6059,0.9157
6060,0.9148
6061,0.9142
6062,0.9133
6063,0.9123
6064,0.9111
6065,0.9102
6066,0.9095
6067,0.9086
6068,0.9074
6069,0.9068
6070,0.9055
6071,0.9046
6072,0.9033
6073,0.9021
6074,0.9012
6075,0.8999
6076,0.8990
6077,0.8981
6078,0.8965
6079,0.8953
6080,0.8940
6081,0.8928
6082,0.8916
6083,0.8897
6084,0.8888
6085,0.8866
6086,0.8854
6087,0.8838
6088,0.8823
6089,0.8804
6090,0.8782
6091,0.8764
6092,0.8745
6093,0.8730
6094,0.8705
6095,0.8683
6096,0.8661
6097,0.8634
6098,0.8609
6099,0.8584
6100,0.8556
6101,0.8525
6102,0.8494
6103,0.8463
6104,0.8432
6105,0.8398
6106,0.8361
6107,0.8324
6108,0.8283
6109,0.8246
6110,0.8203
6111,0.8159
6112,0.8119
6113,0.8069
6114,0.8020
6115,0.7964
6116,0.7908
6117,0.7849
6118,0.7772
6119,0.7682
6120,0.7570
6121,0.7406
6122,0.7136
6123,0.6649
6124,0.5939
6125,0.5474
6126,0.5124
6127,0.4997
6128,0.8696
6129,1.3206
6130,1.3182
6131,1.3147
6132,1.3129
6133,1.3185
6134,1.3281
6135,1.3333
6136,1.3361
6137,1.3374
6138,1.3402
6139,1.3442
6140,1.3485
6141,1.3516
6142,1.3541
6143,1.3569
6144,1.3594
6145,1.3622
6146,1.3647
6147,1.3671
6148,1.3690
6149,1.3715
6150,1.3730
6151,1.3752
6152,1.3767
6153,1.3783
6154,1.3802
6155,1.3817
6156,1.3833
6157,1.3848
6158,1.3860
6159,1.3876
6160,1.3885
6161,1.3901
6162,1.3910
6163,1.3922
6164,1.3932
6165,1.3941
6166,1.3957
6167,1.3966
6168,1.3975
6169,1.3988
6170,1.3997
6171,1.4003
6172,1.4009
6173,1.4022
6174,1.4031
6175,1.4040
6176,1.4050
6177,1.4056
6178,1.4065
6179,1.4074
6180,1.4081
6181,1.4090
6182,1.4096
6183,1.4102
6184,1.4115
6185,1.4118
6186,1.4127
6187,1.4133
6188,1.4140
6189,1.4149
6190,1.4155
6191,1.4158
6192,1.4164
6193,1.4171
6194,1.4180
6195,1.4189
6196,1.4195
6197,1.4198
6198,1.4205
6199,1.4211
6200,1.4217
6201,1.4223
6202,1.4229
6203,1.4236
6204,1.4239
6205,1.4245
6206,1.4251
6207,1.4257
6208,1.4267
6209,1.4270
6210,1.4276
6211,1.4282
6212,1.4288
6213,1.4291
6214,1.4298
6215,1.4304
6216,1.4307
6217,1.4313
6218,1.4319
6219,1.4326
6220,1.4329
6221,1.4335
6222,1.4338
6223,1.4347
6224,1.4350
6225,1.4357
6226,1.4363
6227,1.4366
6228,1.4372
6229,1.4378
6230,1.4381
6231,1.4388
6232,1.4391
6233,1.4397
6234,1.4400
6235,1.4403
6236,1.4412
6237,1.4415
6238,1.4419
6239,1.4428
6240,1.4431
6241,1.4437
6242,1.4440
6243,1.4446
6244,1.4450
6245,1.4456
6246,1.4459
6247,1.4462
6248,1.4468
6249,1.4474
6250,1.4474
6251,1.4481
6252,1.4487
6253,1.4490
6254,1.4493
6255,1.4502
6256,1.4505
6257,1.4512
6258,1.4515
6259,1.4518
6260,1.4524
6261,1.4527
6262,1.4533
6263,1.4536
6264,1.4539
6265,1.4546
6266,1.4549
6267,1.4552
6268,1.4555
6269,1.4561
6270,1.4567
6271,1.4570
6272,1.4577
6273,1.4583
6274,1.4589
6275,1.4592
6276,1.4595
6277,1.4601
6278,1.4605
6279,1.4608
6280,1.4611
6281,1.4617
6282,1.4623
6283,1.4629
6284,1.4629
6285,1.4636
6286,1.4639
6287,1.4645
6288,1.4648
6289,1.4651
6290,1.4660
6291,1.4663
6292,1.4667
6293,1.4673
6294,1.4676
6295,1.4682
6296,1.4682
6297,1.4688
6298,1.4691
6299,1.4698
6300,1.4701
6301,1.4704
6302,1.4710
6303,1.4713
6304,1.4716
6305,1.4722
6306,1.4725
6307,1.4732
6308,1.4735
6309,1.4741
6310,1.4747
6311,1.4750
6312,1.4753
6313,1.4756
6314,1.4763
6315,1.4766
6316,1.4772
6317,1.4778
6318,1.4781
6319,1.4784
6320,1.4787
6321,1.4794
6322,1.4797
6323,1.4803
6324,1.4806
6325,1.4812
6326,1.4818
6327,1.4822
6328,1.4825
6329,1.4831
6330,1.4834
6331,1.4837
6332,1.4843
6333,1.4849
6334,1.4853
6335,1.4856
6336,1.4862
6337,1.4868
6338,1.4871
6339,1.4877
6340,1.4880
6341,1.4884
6342,1.4890
6343,1.4899
6344,1.4905
6345,1.4908
6346,1.4911
6347,1.4915
6348,1.4921
6349,1.4930
6350,1.4933
6351,1.4936
6352,1.4939
6353,1.4946
6354,1.4952
6355,1.4958
6356,1.4961
6357,1.4967
6358,1.4970
6359,1.4983
6360,1.4986
6361,1.4992
6362,1.4998
6363,1.5001
6364,1.5008
6365,1.5014
6366,1.5017
6367,1.5026
6368,1.5029
6369,1.5035
6370,1.5042
6371,1.5048
6372,1.5051
6373,1.5060
6374,1.5070
6375,1.5073
6376,1.5076
6377,1.5085
6378,1.5091
6379,1.5097
6380,1.5104
6381,1.5107
6382,1.5113
6383,1.5119
6384,1.5128
6385,1.5135
6386,1.5144
6387,1.5150
6388,1.5156
6389,1.5166
6390,1.5169
6391,1.5175
6392,1.5184
6393,1.5190
6394,1.5197
6395,1.5203
6396,1.5215
6397,1.5221
6398,1.5228
6399,1.5237
6400,1.5243
6401,1.5252
6402,1.5259
6403,1.5268
6404,1.5280
6405,1.5287
6406,1.5299
6407,1.5305
6408,1.5318
6409,1.5327
6410,1.5333
6411,1.5345
6412,1.5355
6413,1.5364
6414,1.5376
6415,1.5389
6416,1.5398
6417,1.5407
6418,1.5420
6419,1.5432
6420,1.5445
6421,1.5460
6422,1.5473
6423,1.5485
6424,1.5500
6425,1.5513
6426,1.5531
6427,1.5547
6428,1.5562
6429,1.5578
6430,1.5593
6431,1.5615
6432,1.5631
6433,1.5652
6434,1.5674
6435,1.5693
6436,1.5718
6437,1.5742
6438,1.5773
6439,1.5798
6440,1.5832
6441,1.5866
6442,1.5904
6443,1.5947
6444,1.5997
6445,1.6059
6446,1.6130
6447,1.6217
6448,1.6344
6449,1.6561
6450,1.7001
6451,1.2803
6452,1.0683
6453,1.0711
6454,1.0735
6455,1.0717
6456,1.0667
6457,1.0630
6458,1.0608
6459,1.0593
6460,1.0577
6461,1.0556
6462,1.0537
6463,1.0522
6464,1.0506
6465,1.0494
6466,1.0478
6467,1.0463
6468,1.0444
6469,1.0435
6470,1.0425
6471,1.0413
6472,1.0401
6473,1.0391
6474,1.0376
6475,1.0367
6476,1.0357
6477,1.0348
6478,1.0339
6479,1.0329
6480,1.0320
6481,1.0308
6482,1.0298
6483,1.0289
6484,1.0280
6485,1.0274
6486,1.0264
6487,1.0258
6488,1.0249
6489,1.0243
6490,1.0233
6491,1.0224
6492,1.0218
6493,1.0212
6494,1.0199
6495,1.0193
6496,1.0187
6497,1.0181
6498,1.0174
6499,1.0168
6500,1.0162
6501,1.0153
6502,1.0143
6503,1.0137
6504,1.0131
6505,1.0125
6506,1.0119
6507,1.0112
6508,1.0106
6509,1.0100
6510,1.0091
6511,1.0084
6512,1.0081
6513,1.0069
6514,1.0066
6515,1.0060
6516,1.0053
6517,1.0047
6518,1.0041
6519,1.0035
6520,1.0029
6521,1.0022
6522,1.0016
6523,1.0013
6524,1.0007
6525,1.0001
6526,0.9995
6527,0.9985
6528,0.9982
6529,0.9976
6530,0.9970
6531,0.9964
6532,0.9957
6533,0.9954
6534,0.9945
6535,0.9942
6536,0.9936
6537,0.9929
6538,0.9926
6539,0.9920
6540,0.9911
6541,0.9905
6542,0.9902
6543,0.9895
6544,0.9892
6545,0.9886
6546,0.9880
6547,0.9874
6548,0.9871
6549,0.9864
6550,0.9858
6551,0.9855
6552,0.9849
6553,0.9843
6554,0.9840
6555,0.9830
6556,0.9824
6557,0.9818
6558,0.9815
6559,0.9809
6560,0.9802
6561,0.9799
6562,0.9793
6563,0.9787
6564,0.9781
6565,0.9778
6566,0.9771
6567,0.9765
6568,0.9759
6569,0.9750
6570,0.9747
6571,0.9740
6572,0.9737
6573,0.9728
6574,0.9725
6575,0.9719
6576,0.9716
6577,0.9709
6578,0.9703
6579,0.9700
6580,0.9691
6581,0.9688
6582,0.9678
6583,0.9669
6584,0.9666
6585,0.9660
6586,0.9654
6587,0.9650
6588,0.9644
6589,0.9638
6590,0.9632
6591,0.9626
6592,0.9619
6593,0.9613
6594,0.9607
6595,0.9604
6596,0.9598
6597,0.9588
6598,0.9582
6599,0.9573
6600,0.9567
6601,0.9561
6602,0.9557
6603,0.9551
6604,0.9545
6605,0.9539
6606,0.9533
6607,0.9526
6608,0.9520
6609,0.9511
6610,0.9505
6611,0.9495
6612,0.9492
6613,0.9483
6614,0.9477
6615,0.9468
6616,0.9464
6617,0.9455
6618,0.9446
6619,0.9440
6620,0.9430
6621,0.9421
6622,0.9415
6623,0.9406
6624,0.9399
6625,0.9393
6626,0.9384
6627,0.9375
6628,0.9365
6629,0.9359
6630,0.9347
6631,0.9337
6632,0.9331
6633,0.9322
6634,0.9309
6635,0.9303
6636,0.9294
6637,0.9285
6638,0.9272
6639,0.9260
6640,0.9254
6641,0.9241
6642,0.9232
6643,0.9219
6644,0.9207
6645,0.9195
6646,0.9182
6647,0.9173
6648,0.9157
6649,0.9145
6650,0.9136
6651,0.9120
6652,0.9105
6653,0.9089
6654,0.9071
6655,0.9058
6656,0.9043
6657,0.9021
6658,0.9006
6659,0.8987
6660,0.8971
6661,0.8950
6662,0.8928
6663,0.8903
6664,0.8882
6665,0.8857
6666,0.8832
6667,0.8807
6668,0.8779
6669,0.8745
6670,0.8714
6671,0.8680
6672,0.8649
6673,0.8612
6674,0.8575
6675,0.8534
6676,0.8494
6677,0.8454
6678,0.8413
6679,0.8370
6680,0.8327
6681,0.8277
6682,0.8221
6683,0.8172
6684,0.8107
6685,0.8041
6686,0.7961
6687,0.7859
6688,0.7731
6689,0.7521
6690,0.7164
6691,0.6460
6692,0.5862
6693,0.5493
6694,0.5137
6695,0.4975
6696,1.1929
6697,1.3399
6698,1.3371
6699,1.3346
6700,1.3330
6701,1.3389
6702,1.3479
6703,1.3526
6704,1.3544
6705,1.3560
6706,1.3597
6707,1.3640
6708,1.3678
6709,1.3702
6710,1.3727
6711,1.3758
6712,1.3783
6713,1.3811
6714,1.3836
6715,1.3857
6716,1.3879
6717,1.3901
6718,1.3922
6719,1.3941
6720,1.3960
6721,1.3975
6722,1.3991
6723,1.4006
6724,1.4028
6725,1.4037
6726,1.4053
6727,1.4065
6728,1.4078
6729,1.4087
6730,1.4096
6731,1.4112
6732,1.4121
6733,1.4133
6734,1.4143
6735,1.4152
6736,1.4161
6737,1.4174
6738,1.4180
6739,1.4192
6740,1.4202
6741,1.4211
6742,1.4217
6743,1.4229
6744,1.4239
6745,1.4245
6746,1.4248
6747,1.4257
6748,1.4267
6749,1.4273
6750,1.4282
6751,1.4288
6752,1.4295
6753,1.4304
6754,1.4307
6755,1.4313
6756,1.4322
6757,1.4326
6758,1.4335
6759,1.4344
6760,1.4350
6761,1.4357
6762,1.4363
6763,1.4369
6764,1.4375
6765,1.4381
6766,1.4384
6767,1.4391
6768,1.4400
6769,1.4403
6770,1.4409
6771,1.4412
6772,1.4425
6773,1.4428
6774,1.4437
6775,1.4440
6776,1.4446
6777,1.4450
6778,1.4456
6779,1.4459
6780,1.4465
6781,1.4471
6782,1.4477
6783,1.4481
6784,1.4484
6785,1.4490
6786,1.4496
6787,1.4505
6788,1.4512
6789,1.4515
6790,1.4518
6791,1.4527
6792,1.4530
6793,1.4533
6794,1.4539
6795,1.4543
6796,1.4549
6797,1.4552
6798,1.4558
6799,1.4564
6800,1.4570
6801,1.4574
6802,1.4583
6803,1.4589
6804,1.4592
6805,1.4598
6806,1.4601
6807,1.4608
6808,1.4611
6809,1.4614
6810,1.4623
6811,1.4626
6812,1.4629
6813,1.4632
6814,1.4639
6815,1.4645
6816,1.4651
6817,1.4654
6818,1.4663
6819,1.4667
6820,1.4673
6821,1.4676
6822,1.4682
6823,1.4685
6824,1.4691
6825,1.4694
6826,1.4698
6827,1.4704
6828,1.4710
6829,1.4716
6830,1.4719
6831,1.4722
6832,1.4729
6833,1.4735
6834,1.4741
6835,1.4747
6836,1.4750
6837,1.4753
6838,1.4760
6839,1.4766
6840,1.4769
6841,1.4775
6842,1.4778
6843,1.4784
6844,1.4791
6845,1.4797
6846,1.4803
6847,1.4806
6848,1.4812
6849,1.4822
6850,1.4825
6851,1.4831
6852,1.4837
6853,1.4840
6854,1.4846
6855,1.4853
6856,1.4859
6857,1.4865
6858,1.4868
6859,1.4877
6860,1.4880
6861,1.4887
6862,1.4893
6863,1.4902
6864,1.4905
6865,1.4911
6866,1.4918
6867,1.4924
6868,1.4927
6869,1.4933
6870,1.4939
6871,1.4946
6872,1.4952
6873,1.4958
6874,1.4964
6875,1.4977
6876,1.4980
6877,1.4986
6878,1.4992
6879,1.4998
6880,1.5004
6881,1.5011
6882,1.5017
6883,1.5026
6884,1.5029
6885,1.5035
6886,1.5045
6887,1.5051
6888,1.5063
6889,1.5070
6890,1.5079
6891,1.5082
6892,1.5091
6893,1.5101
6894,1.5107
6895,1.5113
6896,1.5122
6897,1.5135
6898,1.5144
6899,1.5150
6900,1.5163
6901,1.5169
6902,1.5178
6903,1.5187
6904,1.5194
6905,1.5206
6906,1.5218
6907,1.5228
6908,1.5240
6909,1.5249
6910,1.5259
6911,1.5268
6912,1.5280
6913,1.5296
6914,1.5308
6915,1.5318
6916,1.5333
6917,1.5345
6918,1.5358
6919,1.5376
6920,1.5392
6921,1.5407
6922,1.5423
6923,1.5442
6924,1.5460
6925,1.5476
6926,1.5497
6927,1.5516
6928,1.5541
6929,1.5566
6930,1.5590
6931,1.5618
6932,1.5649
6933,1.5683
6934,1.5721
6935,1.5761
6936,1.5814
6937,1.5869
6938,1.5938
6939,1.6024
6940,1.6142
6941,1.6328
6942,1.6899
6943,1.7013
6944,1.2909
6945,1.0515
6946,1.0540
6947,1.0568
6948,1.0543
6949,1.0497
6950,1.0460
6951,1.0441
6952,1.0425
6953,1.0410
6954,1.0391
6955,1.0367
6956,1.0351
6957,1.0336
6958,1.0323
6959,1.0305
6960,1.0292
6961,1.0280
6962,1.0267
6963,1.0255
6964,1.0246
6965,1.0233
6966,1.0218
6967,1.0208
6968,1.0199
6969,1.0187
6970,1.0174
6971,1.0168
6972,1.0156
6973,1.0146
6974,1.0134
6975,1.0125
6976,1.0115
6977,1.0106
6978,1.0100
6979,1.0091
6980,1.0081
6981,1.0075
6982,1.0060
6983,1.0053
6984,1.0047
6985,1.0038
6986,1.0029
6987,1.0022
6988,1.0013
6989,1.0007
6990,1.0001
6991,0.9988
6992,0.9979
6993,0.9973
6994,0.9967
6995,0.9957
6996,0.9948
6997,0.9942
6998,0.9936
6999,0.9926
7000,0.9917
7001,0.9911
7002,0.9905
7003,0.9895
7004,0.9889
7005,0.9883
7006,0.9877
7007,0.9867
7008,0.9861
7009,0.9855
7010,0.9846
7011,0.9840
7012,0.9830
7013,0.9824
7014,0.9815
7015,0.9805
7016,0.9799
7017,0.9793
7018,0.9787
7019,0.9781
7020,0.9771
7021,0.9762
7022,0.9756
7023,0.9747
7024,0.9740
7025,0.9731
7026,0.9722
7027,0.9716
7028,0.9709
7029,0.9700
7030,0.9694
7031,0.9688
7032,0.9678
7033,0.9666
7034,0.9660
7035,0.9650
7036,0.9644
7037,0.9635
7038,0.9629
7039,0.9623
7040,0.9613
7041,0.9604
7042,0.9598
7043,0.9585
7044,0.9576
7045,0.9570
7046,0.9561
7047,0.9548
7048,0.9542
7049,0.9533
7050,0.9523
7051,0.9517
7052,0.9505
7053,0.9492
7054,0.9483
7055,0.9474
7056,0.9464
7057,0.9452
7058,0.9443
7059,0.9430
7060,0.9418
7061,0.9409
7062,0.9396
7063,0.9384
7064,0.9371
7065,0.9359
7066,0.9347
7067,0.9331
7068,0.9319
7069,0.9306
7070,0.9294
7071,0.9278
7072,0.9263
7073,0.9244
7074,0.9229
7075,0.9213
7076,0.9195
7077,0.9176
7078,0.9154
7079,0.9136
7080,0.9114
7081,0.9089
7082,0.9068
7083,0.9046
7084,0.9018
7085,0.8993
7086,0.8962
7087,0.8931
7088,0.8906
7089,0.8866
7090,0.8838
7091,0.8801
7092,0.8761
7093,0.8727
7094,0.8686
7095,0.8646
7096,0.8603
7097,0.8562
7098,0.8510
7099,0.8460
7100,0.8410
7101,0.8358
7102,0.8293
7103,0.8227
7104,0.8153
7105,0.8057
7106,0.7927
7107,0.7722
7108,0.7347
7109,0.6637
7110,0.6026
7111,0.5645
7112,0.5276
7113,0.4997
7114,1.2038
7115,1.3606
7116,1.3581
7117,1.3557
7118,1.3535
7119,1.3600
7120,1.3687
7121,1.3740
7122,1.3758
7123,1.3777
7124,1.3808
7125,1.3851
7126,1.3891
7127,1.3919
7128,1.3941
7129,1.3972
7130,1.3997
7131,1.4028
7132,1.4053
7133,1.4074
7134,1.4096
7135,1.4121
7136,1.4136
7137,1.4155
7138,1.4171
7139,1.4195
7140,1.4211
7141,1.4226
7142,1.4242
7143,1.4254
7144,1.4273
7145,1.4282
7146,1.4295
7147,1.4310
7148,1.4322
7149,1.4332
7150,1.4350
7151,1.4357
7152,1.4366
7153,1.4378
7154,1.4388
7155,1.4397
7156,1.4406
7157,1.4419
7158,1.4428
7159,1.4437
7160,1.4446
7161,1.4453
7162,1.4462
7163,1.4471
7164,1.4481
7165,1.4487
7166,1.4493
7167,1.4508
7168,1.4515
7169,1.4521
7170,1.4533
7171,1.4539
7172,1.4543
7173,1.4552
7174,1.4561
7175,1.4567
7176,1.4574
7177,1.4583
7178,1.4592
7179,1.4598
7180,1.4605
7181,1.4614
7182,1.4620
7183,1.4626
7184,1.4632
7185,1.4639
7186,1.4645
7187,1.4654
7188,1.4660
7189,1.4667
7190,1.4676
7191,1.4682
7192,1.4688
7193,1.4694
7194,1.4701
7195,1.4707
7196,1.4713
7197,1.4722
7198,1.4729
7199,1.4735
7200,1.4744
7201,1.4750
7202,1.4756
7203,1.4766
7204,1.4772
7205,1.4778
7206,1.4784
7207,1.4794
7208,1.4800
7209,1.4806
7210,1.4812
7211,1.4822
7212,1.4831
7213,1.4837
7214,1.4843
7215,1.4849
7216,1.4856
7217,1.4862
7218,1.4868
7219,1.4874
7220,1.4884
7221,1.4890
7222,1.4899
7223,1.4908
7224,1.4918
7225,1.4924
7226,1.4930
7227,1.4939
7228,1.4946
7229,1.4952
7230,1.4961
7231,1.4967
7232,1.4980
7233,1.4986
7234,1.4995
7235,1.5001
7236,1.5011
7237,1.5020
7238,1.5029
7239,1.5035
7240,1.5045
7241,1.5057
7242,1.5066
7243,1.5076
7244,1.5085
7245,1.5091
7246,1.5104
7247,1.5113
7248,1.5122
7249,1.5135
7250,1.5147
7251,1.5156
7252,1.5169
7253,1.5181
7254,1.5190
7255,1.5200
7256,1.5218
7257,1.5231
7258,1.5243
7259,1.5256
7260,1.5271
7261,1.5283
7262,1.5302
7263,1.5314
7264,1.5330
7265,1.5349
7266,1.5367
7267,1.5389
7268,1.5407
7269,1.5429
7270,1.5454
7271,1.5476
7272,1.5500
7273,1.5531
7274,1.5559
7275,1.5593
7276,1.5631
7277,1.5671
7278,1.5718
7279,1.5773
7280,1.5835
7281,1.5916
7282,1.6024
7283,1.6183
7284,1.6545
7285,1.7007
7286,1.1061
7287,1.0401
7288,1.0425
7289,1.0450
7290,1.0435
7291,1.0385
7292,1.0345
7293,1.0326
7294,1.0305
7295,1.0289
7296,1.0270
7297,1.0249
7298,1.0233
7299,1.0215
7300,1.0199
7301,1.0184
7302,1.0168
7303,1.0156
7304,1.0140
7305,1.0125
7306,1.0115
7307,1.0100
7308,1.0091
7309,1.0078
7310,1.0066
7311,1.0050
7312,1.0041
7313,1.0029
7314,1.0019
7315,1.0007
7316,0.9998
7317,0.9985
7318,0.9976
7319,0.9964
7320,0.9954
7321,0.9945
7322,0.9933
7323,0.9923
7324,0.9917
7325,0.9902
7326,0.9889
7327,0.9883
7328,0.9871
7329,0.9864
7330,0.9855
7331,0.9843
7332,0.9836
7333,0.9824
7334,0.9812
7335,0.9802
7336,0.9793
7337,0.9784
7338,0.9774
7339,0.9765
7340,0.9750
7341,0.9740
7342,0.9731
7343,0.9722
7344,0.9712
7345,0.9700
7346,0.9694
7347,0.9681
7348,0.9666
7349,0.9657
7350,0.9647
7351,0.9638
7352,0.9626
7353,0.9613
7354,0.9604
7355,0.9588
7356,0.9576
7357,0.9564
7358,0.9554
7359,0.9542
7360,0.9530
7361,0.9517
7362,0.9502
7363,0.9486
7364,0.9474
7365,0.9461
7366,0.9446
7367,0.9427
7368,0.9412
7369,0.9396
7370,0.9384
7371,0.9365
7372,0.9347
7373,0.9328
7374,0.9309
7375,0.9291
7376,0.9269
7377,0.9247
7378,0.9223
7379,0.9201
7380,0.9176
7381,0.9148
7382,0.9123
7383,0.9092
7384,0.9061
7385,0.9027
7386,0.8996
7387,0.8965
7388,0.8925
7389,0.8891
7390,0.8847
7391,0.8810
7392,0.8764
7393,0.8723
7394,0.8683
7395,0.8634
7396,0.8590
7397,0.8537
7398,0.8485
7399,0.8420
7400,0.8351
7401,0.8274
7402,0.8178
7403,0.8045
7404,0.7834
7405,0.7468
7406,0.6696
7407,0.6098
7408,0.5670
7409,0.5211
7410,0.4997
7411,1.1883
7412,1.3752
7413,1.3727
7414,1.3696
7415,1.3678
7416,1.3743
7417,1.3829
7418,1.3885
7419,1.3901
7420,1.3913
7421,1.3950
7422,1.3997
7423,1.4034
7424,1.4065
7425,1.4087
7426,1.4115
7427,1.4143
7428,1.4171
7429,1.4198
7430,1.4220
7431,1.4245
7432,1.4267
7433,1.4288
7434,1.4307
7435,1.4326
7436,1.4347
7437,1.4363
7438,1.4375
7439,1.4394
7440,1.4409
7441,1.4428
7442,1.4440
7443,1.4456
7444,1.4468
7445,1.4481
7446,1.4493
7447,1.4508
7448,1.4521
7449,1.4530
7450,1.4543
7451,1.4555
7452,1.4561
7453,1.4574
7454,1.4589
7455,1.4598
7456,1.4608
7457,1.4620
7458,1.4629
7459,1.4639
7460,1.4648
7461,1.4660
7462,1.4673
7463,1.4682
7464,1.4688
7465,1.4698
7466,1.4707
7467,1.4716
7468,1.4725
7469,1.4735
7470,1.4747
7471,1.4756
7472,1.4766
7473,1.4775
7474,1.4784
7475,1.4794
7476,1.4803
7477,1.4809
7478,1.4818
7479,1.4831
7480,1.4840
7481,1.4849
7482,1.4859
7483,1.4868
7484,1.4877
7485,1.4887
7486,1.4899
7487,1.4908
7488,1.4915
7489,1.4924
7490,1.4936
7491,1.4946
7492,1.4955
7493,1.4967
7494,1.4986
7495,1.4995
7496,1.5011
7497,1.5020
7498,1.5026
7499,1.5032
7500,1.5042
7501,1.5051
7502,1.5070
7503,1.5082
7504,1.5097
7505,1.5104
7506,1.5116
7507,1.5128
7508,1.5147
7509,1.5163
7510,1.5172
7511,1.5190
7512,1.5200
7513,1.5228
7514,1.5234
7515,1.5252
7516,1.5268
7517,1.5287
7518,1.5318
7519,1.5327
7520,1.5358
7521,1.5383
7522,1.5404
7523,1.5411
7524,1.5445
7525,1.5469
7526,1.5504
7527,1.5538
7528,1.5578
7529,1.5640
7530,1.5680
7531,1.5739
7532,1.5807
7533,1.5913
7534,1.6043
7535,1.6279
7536,1.7007
7537,1.1005
7538,1.0301
7539,1.0336
7540,1.0373
7541,1.0348
7542,1.0292
7543,1.0258
7544,1.0227
7545,1.0221
7546,1.0187
7547,1.0177
7548,1.0143
7549,1.0134
7550,1.0119
7551,1.0100
7552,1.0091
7553,1.0069
7554,1.0050
7555,1.0038
7556,1.0022
7557,1.0007
7558,0.9995
7559,0.9988
7560,0.9964
7561,0.9957
7562,0.9936
7563,0.9933
7564,0.9908
7565,0.9905
7566,0.9883
7567,0.9877
7568,0.9858
7569,0.9852
7570,0.9830
7571,0.9821
7572,0.9802
7573,0.9793
7574,0.9787
7575,0.9762
7576,0.9756
7577,0.9743
7578,0.9731
7579,0.9719
7580,0.9703
7581,0.9694
7582,0.9678
7583,0.9660
7584,0.9638
7585,0.9635
7586,0.9619
7587,0.9604
7588,0.9579
7589,0.9570
7590,0.9557
7591,0.9542
7592,0.9523
7593,0.9505
7594,0.9489
7595,0.9474
7596,0.9455
7597,0.9424
7598,0.9415
7599,0.9396
7600,0.9384
7601,0.9350
7602,0.9328
7603,0.9303
7604,0.9278
7605,0.9241
7606,0.9232
7607,0.9192
7608,0.9154
7609,0.9139
7610,0.9095
7611,0.9052
7612,0.9024
7613,0.8987
7614,0.8947
7615,0.8900
7616,0.8866
7617,0.8823
7618,0.8773
7619,0.8717
7620,0.8677
7621,0.8627
7622,0.8575
7623,0.8525
7624,0.8448
7625,0.8364
7626,0.8277
7627,0.8147
7628,0.7952
7629,0.7601
7630,0.6873
7631,0.6160
7632,0.5710
7633,0.5177
7634,0.4991
7635,1.2072
7636,1.3864
7637,1.3836
7638,1.3808
7639,1.3777
7640,1.3845
7641,1.3941
7642,1.3988
7643,1.4009
7644,1.4028
7645,1.4062
7646,1.4109
7647,1.4146
7648,1.4174
7649,1.4205
7650,1.4229
7651,1.4257
7652,1.4288
7653,1.4316
7654,1.4335
7655,1.4360
7656,1.4384
7657,1.4403
7658,1.4428
7659,1.4446
7660,1.4468
7661,1.4484
7662,1.4505
7663,1.4521
7664,1.4539
7665,1.4552
7666,1.4567
7667,1.4583
7668,1.4598
7669,1.4611
7670,1.4626
7671,1.4639
7672,1.4651
7673,1.4670
7674,1.4679
7675,1.4694
7676,1.4707
7677,1.4719
7678,1.4732
7679,1.4744
7680,1.4756
7681,1.4769
7682,1.4781
7683,1.4791
7684,1.4803
7685,1.4818
7686,1.4831
7687,1.4843
7688,1.4856
7689,1.4865
7690,1.4877
7691,1.4890
7692,1.4902
7693,1.4915
7694,1.4930
7695,1.4942
7696,1.4952
7697,1.4964
7698,1.4980
7699,1.4992
7700,1.5004
7701,1.5020
7702,1.5032
7703,1.5045
7704,1.5063
7705,1.5076
7706,1.5091
7707,1.5110
7708,1.5122
7709,1.5141
7710,1.5156
7711,1.5175
7712,1.5194
7713,1.5209
7714,1.5231
7715,1.5252
7716,1.5271
7717,1.5296
7718,1.5321
7719,1.5342
7720,1.5373
7721,1.5401
7722,1.5435
7723,1.5466
7724,1.5504
7725,1.5547
7726,1.5593
7727,1.5652
7728,1.5721
7729,1.5801
7730,1.5910
7731,1.6077
7732,1.6499
7733,1.7020
7734,1.0921
7735,1.0239
7736,1.0264
7737,1.0295
7738,1.0277
7739,1.0224
7740,1.0177
7741,1.0153
7742,1.0134
7743,1.0109
7744,1.0084
7745,1.0060
7746,1.0041
7747,1.0022
7748,1.0004
7749,0.9985
7750,0.9970
7751,0.9951
7752,0.9933
7753,0.9917
7754,0.9898
7755,0.9880
7756,0.9867
7757,0.9852
7758,0.9830
7759,0.9818
7760,0.9799
7761,0.9787
7762,0.9771
7763,0.9756
7764,0.9731
7765,0.9719
7766,0.9703
7767,0.9688
7768,0.9666
7769,0.9650
7770,0.9635
7771,0.9616
7772,0.9601
7773,0.9579
7774,0.9561
7775,0.9542
7776,0.9523
7777,0.9499
7778,0.9477
7779,0.9458
7780,0.9430
7781,0.9409
7782,0.9387
7783,0.9362
7784,0.9331
7785,0.9306
7786,0.9272
7787,0.9241
7788,0.9210
7789,0.9173
7790,0.9142
7791,0.9102
7792,0.9064
7793,0.9024
7794,0.8990
7795,0.8940
7796,0.8900
7797,0.8857
7798,0.8810
7799,0.8761
7800,0.8708
7801,0.8658
7802,0.8596
7803,0.8534
7804,0.8463
7805,0.8373
7806,0.8268
7807,0.8113
7808,0.7849
7809,0.7338
7810,0.6439
7811,0.5884
7812,0.5310
7813,0.5000
7814,1.1988
7815,1.3963
7816,1.3932
7817,1.3901
7818,1.3885
7819,1.3941
7820,1.4037
7821,1.4090
7822,1.4112
7823,1.4130
7824,1.4161
7825,1.4208
7826,1.4251
7827,1.4282
7828,1.4310
7829,1.4332
7830,1.4366
7831,1.4397
7832,1.4419
7833,1.4446
7834,1.4474
7835,1.4496
7836,1.4518
7837,1.4539
7838,1.4561
7839,1.4583
7840,1.4601
7841,1.4620
7842,1.4639
7843,1.4654
7844,1.4676
7845,1.4691
7846,1.4710
7847,1.4725
7848,1.4744
7849,1.4760
7850,1.4772
7851,1.4787
7852,1.4803
7853,1.4822
7854,1.4837
7855,1.4853
7856,1.4865
7857,1.4877
7858,1.4893
7859,1.4915
7860,1.4927
7861,1.4942
7862,1.4958
7863,1.4970
7864,1.4989
7865,1.5008
7866,1.5023
7867,1.5039
7868,1.5057
7869,1.5073
7870,1.5091
7871,1.5107
7872,1.5125
7873,1.5147
7874,1.5169
7875,1.5190
7876,1.5209
7877,1.5234
7878,1.5256
7879,1.5280
7880,1.5308
7881,1.5336
7882,1.5364
7883,1.5398
7884,1.5432
7885,1.5473
7886,1.5513
7887,1.5566
7888,1.5625
7889,1.5690
7890,1.5773
7891,1.5885
7892,1.6052
7893,1.6455
7894,1.7013
7895,1.0859
7896,1.0156
7897,1.0184
7898,1.0215
7899,1.0205
7900,1.0146
7901,1.0097
7902,1.0066
7903,1.0047
7904,1.0029
7905,1.0007
7906,0.9979
7907,0.9957
7908,0.9936
7909,0.9917
7910,0.9895
7911,0.9877
7912,0.9852
7913,0.9836
7914,0.9815
7915,0.9796
7916,0.9778
7917,0.9759
7918,0.9734
7919,0.9719
7920,0.9700
7921,0.9678
7922,0.9657
7923,0.9632
7924,0.9616
7925,0.9592
7926,0.9570
7927,0.9548
7928,0.9526
7929,0.9495
7930,0.9474
7931,0.9449
7932,0.9418
7933,0.9393
7934,0.9365
7935,0.9334
7936,0.9300
7937,0.9266
7938,0.9232
7939,0.9195
7940,0.9161
7941,0.9120
7942,0.9080
7943,0.9040
7944,0.8996
7945,0.8950
7946,0.8903
7947,0.8857
7948,0.8810
7949,0.8754
7950,0.8702
7951,0.8646
7952,0.8581
7953,0.8503
7954,0.8420
7955,0.8299
7956,0.8128
7957,0.7855
7958,0.7263
7959,0.6383
7960,0.5772
7961,0.5056
7962,0.4997
7963,1.2100
7964,1.4040
7965,1.4006
7966,1.3972
7967,1.3953
7968,1.4015
7969,1.4112
7970,1.4161
7971,1.4186
7972,1.4205
7973,1.4239
7974,1.4285
7975,1.4326
7976,1.4360
7977,1.4384
7978,1.4415
7979,1.4450
7980,1.4477
7981,1.4505
7982,1.4530
7983,1.4555
7984,1.4583
7985,1.4608
7986,1.4629
7987,1.4651
7988,1.4676
7989,1.4694
7990,1.4716
7991,1.4741
7992,1.4756
7993,1.4772
7994,1.4791
7995,1.4812
7996,1.4831
7997,1.4849
7998,1.4868
7999,1.4887
8000,1.4905
8001,1.4924
8002,1.4942
8003,1.4958
8004,1.4983
8005,1.5001
8006,1.5020
8007,1.5035
8008,1.5060
8009,1.5079
8010,1.5097
8011,1.5122
8012,1.5147
8013,1.5169
8014,1.5190
8015,1.5218
8016,1.5243
8017,1.5274
8018,1.5305
8019,1.5336
8020,1.5367
8021,1.5404
8022,1.5451
8023,1.5497
8024,1.5550
8025,1.5612
8026,1.5690
8027,1.5786
8028,1.5919
8029,1.6158
8030,1.7007
8031,1.0825
8032,1.0091
8033,1.0119
8034,1.0153
8035,1.0140
8036,1.0084
8037,1.0029
8038,0.9998
8039,0.9973
8040,0.9957
8041,0.9933
8042,0.9898
8043,0.9877
8044,0.9852
8045,0.9827
8046,0.9805
8047,0.9781
8048,0.9759
8049,0.9734
8050,0.9709
8051,0.9691
8052,0.9663
8053,0.9638
8054,0.9616
8055,0.9588
8056,0.9561
8057,0.9536
8058,0.9508
8059,0.9477
8060,0.9452
8061,0.9418
8062,0.9387
8063,0.9350
8064,0.9319
8065,0.9285
8066,0.9244
8067,0.9207
8068,0.9170
8069,0.9126
8070,0.9083
8071,0.9043
8072,0.8993
8073,0.8947
8074,0.8900
8075,0.8854
8076,0.8795
8077,0.8742
8078,0.8683
8079,0.8615
8080,0.8541
8081,0.8454
8082,0.8336
8083,0.8169
8084,0.7896
8085,0.7310
8086,0.6358
8087,0.5676
8088,0.5000
8089,1.2069
8090,1.4102
8091,1.4074
8092,1.4037
8093,1.4009
8094,1.4078
8095,1.4177
8096,1.4233
8097,1.4251
8098,1.4273
8099,1.4310
8100,1.4357
8101,1.4400
8102,1.4431
8103,1.4456
8104,1.4490
8105,1.4521
8106,1.4552
8107,1.4577
8108,1.4611
8109,1.4639
8110,1.4663
8111,1.4685
8112,1.4713
8113,1.4735
8114,1.4756
8115,1.4781
8116,1.4806
8117,1.4831
8118,1.4849
8119,1.4871
8120,1.4893
8121,1.4915
8122,1.4939
8123,1.4958
8124,1.4986
8125,1.5004
8126,1.5029
8127,1.5051
8128,1.5076
8129,1.5097
8130,1.5125
8131,1.5153
8132,1.5178
8133,1.5206
8134,1.5240
8135,1.5268
8136,1.5302
8137,1.5342
8138,1.5383
8139,1.5426
8140,1.5476
8141,1.5535
8142,1.5600
8143,1.5683
8144,1.5789
8145,1.5950
8146,1.6300
8147,1.7016
8148,1.0931
8149,1.0026
8150,1.0057
8151,1.0094
8152,1.0084
8153,1.0022
8154,0.9960
8155,0.9926
8156,0.9902
8157,0.9883
8158,0.9858
8159,0.9824
8160,0.9790
8161,0.9762
8162,0.9737
8163,0.9712
8164,0.9685
8165,0.9654
8166,0.9626
8167,0.9598
8168,0.9567
8169,0.9542
8170,0.9505
8171,0.9474
8172,0.9443
8173,0.9406
8174,0.9368
8175,0.9331
8176,0.9294
8177,0.9254
8178,0.9213
8179,0.9170
8180,0.9130
8181,0.9083
8182,0.9033
8183,0.8990
8184,0.8940
8185,0.8888
8186,0.8835
8187,0.8776
8188,0.8714
8189,0.8652
8190,0.8575
8191,0.8479
8192,0.8361
8193,0.8184
8194,0.7886
8195,0.7245
8196,0.6293
8197,0.5558
8198,0.4994
8199,0.8928
8200,1.4155
8201,1.4124
8202,1.4090
8203,1.4062
8204,1.4124
8205,1.4226
8206,1.4285
8207,1.4307
8208,1.4326
8209,1.4363
8210,1.4409
8211,1.4453
8212,1.4487
8213,1.4518
8214,1.4546
8215,1.4586
8216,1.4614
8217,1.4645
8218,1.4676
8219,1.4704
8220,1.4732
8221,1.4763
8222,1.4787
8223,1.4818
8224,1.4840
8225,1.4865
8226,1.4893
8227,1.4918
8228,1.4942
8229,1.4970
8230,1.4995
8231,1.5023
8232,1.5051
8233,1.5079
8234,1.5107
8235,1.5138
8236,1.5166
8237,1.5200
8238,1.5234
8239,1.5268
8240,1.5311
8241,1.5349
8242,1.5398
8243,1.5451
8244,1.5510
8245,1.5584
8246,1.5674
8247,1.5798
8248,1.5981
8249,1.6542
8250,1.7010
8251,1.0890
8252,0.9960
8253,0.9998
8254,1.0032
8255,1.0022
8256,0.9960
8257,0.9892
8258,0.9852
8259,0.9827
8260,0.9809
8261,0.9781
8262,0.9743
8263,0.9703
8264,0.9669
8265,0.9641
8266,0.9610
8267,0.9573
8268,0.9539
8269,0.9502
8270,0.9468
8271,0.9430
8272,0.9393
8273,0.9350
8274,0.9309
8275,0.9269
8276,0.9226
8277,0.9182
8278,0.9139
8279,0.9092
8280,0.9043
8281,0.8996
8282,0.8944
8283,0.8894
8284,0.8835
8285,0.8776
8286,0.8708
8287,0.8634
8288,0.8547
8289,0.8438
8290,0.8289
8291,0.8057
8292,0.7614
8293,0.6581
8294,0.5753
8295,0.4988
8296,1.0720
8297,1.4211
8298,1.4180
8299,1.4136
8300,1.4118
8301,1.4177
8302,1.4282
8303,1.4344
8304,1.4366
8305,1.4384
8306,1.4419
8307,1.4471
8308,1.4518
8309,1.4552
8310,1.4586
8311,1.4620
8312,1.4654
8313,1.4688
8314,1.4722
8315,1.4753
8316,1.4787
8317,1.4818
8318,1.4846
8319,1.4874
8320,1.4908
8321,1.4936
8322,1.4964
8323,1.4995
8324,1.5023
8325,1.5057
8326,1.5088
8327,1.5119
8328,1.5156
8329,1.5190
8330,1.5231
8331,1.5271
8332,1.5318
8333,1.5364
8334,1.5414
8335,1.5476
8336,1.5553
8337,1.5643
8338,1.5758
8339,1.5935
8340,1.6421
8341,1.7013
8342,1.3538
8343,0.9892
8344,0.9929
8345,0.9967
8346,0.9960
8347,0.9892
8348,0.9821
8349,0.9771
8350,0.9747
8351,0.9725
8352,0.9691
8353,0.9647
8354,0.9604
8355,0.9561
8356,0.9530
8357,0.9495
8358,0.9452
8359,0.9409
8360,0.9368
8361,0.9325
8362,0.9281
8363,0.9238
8364,0.9188
8365,0.9142
8366,0.9089
8367,0.9043
8368,0.8990
8369,0.8937
8370,0.8885
8371,0.8823
8372,0.8758
8373,0.8686
8374,0.8606
8375,0.8510
8376,0.8376
8377,0.8178
8378,0.7828
8379,0.7021
8380,0.6036
8381,0.5056
8382,0.4978
8383,1.2341
8384,1.4267
8385,1.4233
8386,1.4192
8387,1.4167
8388,1.4229
8389,1.4332
8390,1.4397
8391,1.4419
8392,1.4443
8393,1.4477
8394,1.4530
8395,1.4577
8396,1.4614
8397,1.4645
8398,1.4685
8399,1.4719
8400,1.4756
8401,1.4794
8402,1.4828
8403,1.4862
8404,1.4893
8405,1.4927
8406,1.4961
8407,1.4998
8408,1.5032
8409,1.5066
8410,1.5104
8411,1.5141
8412,1.5181
8413,1.5225
8414,1.5268
8415,1.5321
8416,1.5367
8417,1.5429
8418,1.5504
8419,1.5593
8420,1.5705
8421,1.5866
8422,1.6210
8423,1.7013
8424,1.0720
8425,0.9827
8426,0.9867
8427,0.9908
8428,0.9902
8429,0.9836
8430,0.9750
8431,0.9694
8432,0.9666
8433,0.9641
8434,0.9607
8435,0.9557
8436,0.9502
8437,0.9461
8438,0.9421
8439,0.9384
8440,0.9337
8441,0.9288
8442,0.9235
8443,0.9185
8444,0.9142
8445,0.9089
8446,0.9043
8447,0.8984
8448,0.8931
8449,0.8869
8450,0.8810
8451,0.8742
8452,0.8661
8453,0.8572
8454,0.8448
8455,0.8274
8456,0.7967
8457,0.7313
8458,0.6231
8459,0.5276
8460,0.4997
8461,1.0605
8462,1.4295
8463,1.4257
8464,1.4214
8465,1.4192
8466,1.4254
8467,1.4366
8468,1.4425
8469,1.4450
8470,1.4471
8471,1.4508
8472,1.4558
8473,1.4608
8474,1.4645
8475,1.4685
8476,1.4713
8477,1.4756
8478,1.4794
8479,1.4834
8480,1.4868
8481,1.4905
8482,1.4946
8483,1.4983
8484,1.5020
8485,1.5063
8486,1.5101
8487,1.5144
8488,1.5194
8489,1.5243
8490,1.5296
8491,1.5355
8492,1.5423
8493,1.5510
8494,1.5621
8495,1.5773
8496,1.6065
8497,1.7016
8498,1.2534
8499,0.9790
8500,0.9830
8501,0.9877
8502,0.9874
8503,0.9799
8504,0.9703
8505,0.9641
8506,0.9613
8507,0.9588
8508,0.9548
8509,0.9489
8510,0.9430
8511,0.9381
8512,0.9340
8513,0.9294
8514,0.9247
8515,0.9185
8516,0.9133
8517,0.9083
8518,0.9030
8519,0.8978
8520,0.8916
8521,0.8841
8522,0.8776
8523,0.8696
8524,0.8596
8525,0.8457
8526,0.8277
8527,0.7942
8528,0.7170
8529,0.6042
8530,0.4991
8531,1.2437
8532,1.4304
8533,1.4260
8534,1.4226
8535,1.4198
8536,1.4279
8537,1.4378
8538,1.4456
8539,1.4474
8540,1.4493
8541,1.4546
8542,1.4589
8543,1.4642
8544,1.4682
8545,1.4719
8546,1.4760
8547,1.4794
8548,1.4846
8549,1.4902
8550,1.4927
8551,1.4986
8552,1.5026
8553,1.5063
8554,1.5113
8555,1.5169
8556,1.5215
8557,1.5262
8558,1.5349
8559,1.5417
8560,1.5513
8561,1.5634
8562,1.5814
8563,1.6263
8564,1.7004
8565,1.0677
8566,0.9719
8567,0.9768
8568,0.9805
8569,0.9815
8570,0.9731
8571,0.9629
8572,0.9561
8573,0.9511
8574,0.9502
8575,0.9458
8576,0.9393
8577,0.9325
8578,0.9272
8579,0.9226
8580,0.9176
8581,0.9126
8582,0.9055
8583,0.9006
8584,0.8931
8585,0.8888
8586,0.8813
8587,0.8727
8588,0.8634
8589,0.8506
8590,0.8351
8591,0.8072
8592,0.7486
8593,0.6315
8594,0.5233
8595,0.4988
8596,1.0531
8597,1.4357
8598,1.4319
8599,1.4288
8600,1.4251
8601,1.4319
8602,1.4434
8603,1.4493
8604,1.4530
8605,1.4546
8606,1.4598
8607,1.4667
8608,1.4701
8609,1.4753
8610,1.4784
8611,1.4834
8612,1.4874
8613,1.4930
8614,1.4989
8615,1.5026
8616,1.5076
8617,1.5125
8618,1.5175
8619,1.5240
8620,1.5305
8621,1.5386
8622,1.5479
8623,1.5597
8624,1.5767
8625,1.6124
8626,1.7016
8627,1.0602
8628,0.9644
8629,0.9697
8630,0.9747
8631,0.9740
8632,0.9657
8633,0.9545
8634,0.9471
8635,0.9433
8636,0.9396
8637,0.9371
8638,0.9291
8639,0.9226
8640,0.9173
8641,0.9126
8642,0.9074
8643,0.9021
8644,0.8931
8645,0.8857
8646,0.8789
8647,0.8733
8648,0.8621
8649,0.8472
8650,0.8286
8651,0.7927
8652,0.7071
8653,0.5912
8654,0.5000
8655,1.2630
8656,1.4397
8657,1.4357
8658,1.4301
8659,1.4288
8660,1.4360
8661,1.4459
8662,1.4530
8663,1.4561
8664,1.4595
8665,1.4632
8666,1.4691
8667,1.4750
8668,1.4797
8669,1.4834
8670,1.4893
8671,1.4933
8672,1.4992
8673,1.5042
8674,1.5094
8675,1.5150
8676,1.5221
8677,1.5293
8678,1.5376
8679,1.5479
8680,1.5612
8681,1.5829
8682,1.6688
8683,1.7001
8684,1.2149
8685,0.9592
8686,0.9641
8687,0.9697
8688,0.9703
8689,0.9610
8690,0.9495
8691,0.9418
8692,0.9381
8693,0.9359
8694,0.9303
8695,0.9235
8696,0.9161
8697,0.9105
8698,0.9058
8699,0.8984
8700,0.8925
8701,0.8851
8702,0.8758
8703,0.8661
8704,0.8531
8705,0.8339
8706,0.7986
8707,0.7152
8708,0.5899
8709,0.4994
8710,0.9012
8711,1.4406
8712,1.4353
8713,1.4313
8714,1.4291
8715,1.4366
8716,1.4481
8717,1.4546
8718,1.4583
8719,1.4605
8720,1.4651
8721,1.4722
8722,1.4784
8723,1.4825
8724,1.4871
8725,1.4924
8726,1.4983
8727,1.5042
8728,1.5104
8729,1.5172
8730,1.5246
8731,1.5345
8732,1.5442
8733,1.5575
8734,1.5817
8735,1.6883
8736,1.7013
8737,1.2162
8738,0.9542
8739,0.9604
8740,0.9650
8741,0.9654
8742,0.9570
8743,0.9443
8744,0.9365
8745,0.9312
8746,0.9285
8747,0.9235
8748,0.9161
8749,0.9086
8750,0.9012
8751,0.8953
8752,0.8891
8753,0.8807
8754,0.8708
8755,0.8562
8756,0.8367
8757,0.8069
8758,0.7412
8759,0.6116
8760,0.4997
8761,0.8947
8762,1.4443
8763,1.4397
8764,1.4353
8765,1.4338
8766,1.4400
8767,1.4524
8768,1.4595
8769,1.4629
8770,1.4660
8771,1.4704
8772,1.4781
8773,1.4840
8774,1.4893
8775,1.4949
8776,1.5004
8777,1.5076
8778,1.5135
8779,1.5228
8780,1.5324
8781,1.5414
8782,1.5556
8783,1.5776
8784,1.6620
8785,1.7041
8786,1.3392
8787,0.9468
8788,0.9520
8789,0.9579
8790,0.9598
8791,0.9499
8792,0.9362
8793,0.9278
8794,0.9235
8795,0.9204
8796,0.9148
8797,0.9074
8798,0.8984
8799,0.8894
8800,0.8832
8801,0.8751
8802,0.8646
8803,0.8475
8804,0.8200
8805,0.7651
8806,0.6566
8807,0.5242
8808,0.4988
8809,0.9052
8810,1.4487
8811,1.4446
8812,1.4388
8813,1.4369
8814,1.4462
8815,1.4577
8816,1.4651
8817,1.4688
8818,1.4719
8819,1.4769
8820,1.4837
8821,1.4905
8822,1.4980
8823,1.5026
8824,1.5082
8825,1.5166
8826,1.5252
8827,1.5367
8828,1.5500
8829,1.5677
8830,1.6099
8831,1.7020
8832,1.3371
8833,0.9409
8834,0.9461
8835,0.9530
8836,0.9530
8837,0.9440
8838,0.9300
8839,0.9216
8840,0.9151
8841,0.9133
8842,0.9080
8843,0.8993
8844,0.8897
8845,0.8804
8846,0.8708
8847,0.8609
8848,0.8426
8849,0.8082
8850,0.7304
8851,0.5939
8852,0.4997
8853,1.0704
8854,1.4524
8855,1.4481
8856,1.4437
8857,1.4397
8858,1.4477
8859,1.4611
8860,1.4685
8861,1.4722
8862,1.4760
8863,1.4806
8864,1.4884
8865,1.4967
8866,1.5045
8867,1.5097
8868,1.5172
8869,1.5280
8870,1.5398
8871,1.5553
8872,1.5811
8873,1.7010
8874,1.2078
8875,0.9343
8876,0.9393
8877,0.9464
8878,0.9477
8879,0.9384
8880,0.9241
8881,0.9133
8882,0.9086
8883,0.9068
8884,0.8996
8885,0.8913
8886,0.8779
8887,0.8658
8888,0.8528
8889,0.8355
8890,0.7973
8891,0.6972
8892,0.5431
8893,0.4988
8894,0.9145
8895,1.4577
8896,1.4524
8897,1.4481
8898,1.4453
8899,1.4536
8900,1.4670
8901,1.4750
8902,1.4784
8903,1.4825
8904,1.4877
8905,1.4967
8906,1.5048
8907,1.5128
8908,1.5209
8909,1.5311
8910,1.5445
8911,1.5637
8912,1.6037
8913,1.7035
8914,1.3327
8915,0.9285
8916,0.9340
8917,0.9402
8918,0.9418
8919,0.9331
8920,0.9176
8921,0.9061
8922,0.9015
8923,0.8981
8924,0.8922
8925,0.8810
8926,0.8661
8927,0.8475
8928,0.8252
8929,0.7905
8930,0.6922
8931,0.5295
8932,0.5000
8933,1.2689
8934,1.4611
8935,1.4564
8936,1.4515
8937,1.4493
8938,1.4574
8939,1.4707
8940,1.4791
8941,1.4834
8942,1.4877
8943,1.4936
8944,1.5029
8945,1.5119
8946,1.5215
8947,1.5318
8948,1.5451
8949,1.5643
8950,1.6164
8951,1.7004
8952,1.3299
8953,0.9232
8954,0.9285
8955,0.9347
8956,0.9368
8957,0.9278
8958,0.9114
8959,0.8996
8960,0.8934
8961,0.8903
8962,0.8838
8963,0.8711
8964,0.8497
8965,0.8187
8966,0.7703
8967,0.6708
8968,0.5304
8969,0.4994
8970,1.2723
8971,1.4648
8972,1.4598
8973,1.4546
8974,1.4518
8975,1.4601
8976,1.4750
8977,1.4831
8978,1.4877
8979,1.4924
8980,1.4992
8981,1.5088
8982,1.5194
8983,1.5308
8984,1.5442
8985,1.5637
8986,1.6167
8987,1.7023
8988,1.3293
8989,0.9173
8990,0.9235
8991,0.9300
8992,0.9322
8993,0.9226
8994,0.9068
8995,0.8931
8996,0.8857
8997,0.8823
8998,0.8748
8999,0.8584
9000,0.8280
9001,0.7688
9002,0.6532
9003,0.5304
9004,0.4997
9005,1.2707
9006,1.4688
9007,1.4639
9008,1.4574
9009,1.4546
9010,1.4639
9011,1.4784
9012,1.4874
9013,1.4930
9014,1.4970
9015,1.5051
9016,1.5163
9017,1.5293
9018,1.5420
9019,1.5615
9020,1.6096
9021,1.7010
9022,1.0336
9023,0.9126
9024,0.9192
9025,0.9263
9026,0.9285
9027,0.9195
9028,0.9021
9029,0.8869
9030,0.8785
9031,0.8745
9032,0.8658
9033,0.8451
9034,0.7952
9035,0.6708
9036,0.5276
9037,0.5000
9038,0.9071
9039,1.4725
9040,1.4679
9041,1.4605
9042,1.4583
9043,1.4676
9044,1.4831
9045,1.4933
9046,1.4983
9047,1.5039
9048,1.5122
9049,1.5256
9050,1.5411
9051,1.5615
9052,1.6121
9053,1.7007
9054,1.0305
9055,0.9077
9056,0.9142
9057,0.9223
9058,0.9254
9059,0.9161
9060,0.8975
9061,0.8801
9062,0.8686
9063,0.8649
9064,0.8547
9065,0.8252
9066,0.7319
9067,0.5419
9068,0.4991
9069,1.2168
9070,1.4769
9071,1.4713
9072,1.4645
9073,1.4623
9074,1.4710
9075,1.4874
9076,1.4983
9077,1.5048
9078,1.5107
9079,1.5221
9080,1.5380
9081,1.5609
9082,1.6145
9083,1.7023
9084,1.0491
9085,0.9046
9086,0.9099
9087,0.9176
9088,0.9213
9089,0.9130
9090,0.8934
9091,0.8727
9092,0.8575
9093,0.8513
9094,0.8386
9095,0.7958
9096,0.6352
9097,0.4969
9098,0.9430
9099,1.4778
9100,1.4729
9101,1.4673
9102,1.4642
9103,1.4729
9104,1.4902
9105,1.5017
9106,1.5082
9107,1.5156
9108,1.5274
9109,1.5476
9110,1.5842
9111,1.7020
9112,1.3244
9113,0.9009
9114,0.9064
9115,0.9136
9116,0.9173
9117,0.9089
9118,0.8885
9119,0.8643
9120,0.8441
9121,0.8333
9122,0.8141
9123,0.7406
9124,0.5199
9125,0.4988
9126,1.2689
9127,1.4784
9128,1.4741
9129,1.4673
9130,1.4651
9131,1.4750
9132,1.4921
9133,1.5035
9134,1.5110
9135,1.5187
9136,1.5333
9137,1.5575
9138,1.6359
9139,1.7004
9140,1.0441
9141,0.8975
9142,0.9024
9143,0.9105
9144,0.9142
9145,0.9052
9146,0.8829
9147,0.8537
9148,0.8258
9149,0.8082
9150,0.7784
9151,0.6432
9152,0.4991
9153,1.2155
9154,1.4800
9155,1.4747
9156,1.4685
9157,1.4667
9158,1.4772
9159,1.4946
9160,1.5066
9161,1.5147
9162,1.5240
9163,1.5411
9164,1.5780
9165,1.7016
9166,1.0236
9167,0.8922
9168,0.8990
9169,0.9068
9170,0.9095
9171,0.9012
9172,0.8776
9173,0.8426
9174,0.8010
9175,0.7691
9176,0.7121
9177,0.5422
9178,0.5000
9179,0.9235
9180,1.4831
9181,1.4756
9182,1.4698
9183,1.4676
9184,1.4784
9185,1.4967
9186,1.5097
9187,1.5181
9188,1.5287
9189,1.5494
9190,1.6145
9191,1.7013
9192,1.0236
9193,0.8875
9194,0.8950
9195,0.9030
9196,0.9068
9197,0.8978
9198,0.8708
9199,0.8258
9200,0.7663
9201,0.7077
9202,0.6296
9203,0.4997
9204,1.2887
9205,1.4849
9206,1.4775
9207,1.4707
9208,1.4688
9209,1.4812
9210,1.5001
9211,1.5141
9212,1.5231
9213,1.5352
9214,1.5640
9215,1.7020
9216,1.0184
9217,0.8823
9218,0.8906
9219,0.9006
9220,0.9043
9221,0.8934
9222,0.8634
9223,0.8051
9224,0.7121
9225,0.6436
9226,0.5512
9227,0.4988
9228,0.9235
9229,1.4877
9230,1.4794
9231,1.4719
9232,1.4704
9233,1.4834
9234,1.5035
9235,1.5181
9236,1.5277
9237,1.5435
9238,1.5888
9239,1.7007
9240,1.3147
9241,0.8761
9242,0.8863
9243,0.8981
9244,0.9012
9245,0.8913
9246,0.8572
9247,0.7781
9248,0.6513
9249,0.5859
9250,0.4988
9251,1.2323
9252,1.4915
9253,1.4825
9254,1.4741
9255,1.4722
9256,1.4862
9257,1.5085
9258,1.5234
9259,1.5352
9260,1.5559
9261,1.6830
9262,1.7020
9263,1.0137
9264,0.8677
9265,0.8801
9266,0.8940
9267,0.8993
9268,0.8875
9269,0.8475
9270,0.7335
9271,0.5757
9272,0.5211
9273,0.5000
9274,1.2760
9275,1.4970
9276,1.4877
9277,1.4775
9278,1.4763
9279,1.4915
9280,1.5153
9281,1.5339
9282,1.5485
9283,1.5916
9284,1.7023
9285,1.3089
9286,0.8568
9287,0.8705
9288,0.8906
9289,0.8971
9290,0.8851
9291,0.8389
9292,0.6798
9293,0.5044
9294,0.5000
9295,0.8975
9296,1.5113
9297,1.5017
9298,1.4905
9299,1.4871
9300,1.5048
9301,1.5376
9302,1.5742
9303,1.7007
9304,1.3135
9305,0.8550
9306,0.8460
9307,0.8708
9308,0.8891
9309,0.8829
9310,0.8339
9311,0.6008
9312,0.4988
9313,1.2760
9314,1.5150
9315,1.5066
9316,1.4961
9317,1.4939
9318,1.5119
9319,1.5513
9320,1.6641
9321,1.7004
9322,1.3169
9323,0.8575
9324,0.8466
9325,0.8578
9326,0.8748
9327,0.8723
9328,0.8138
9329,0.5214
9330,0.4985
9331,0.9291
9332,1.5122
9333,1.5045
9334,1.4952
9335,1.4930
9336,1.5113
9337,1.5494
9338,1.6567
9339,1.7016
9340,1.0134
9341,0.8494
9342,0.8355
9343,0.8497
9344,0.8705
9345,0.8668
9346,0.7970
9347,0.4969
9348,0.9033
9349,1.5135
9350,1.5057
9351,1.4952
9352,1.4946
9353,1.5128
9354,1.5553
9355,1.7001
9356,1.0314
9357,0.8423
9358,0.8283
9359,0.8410
9360,0.8624
9361,0.8590
9362,0.7744
9363,0.4991
9364,0.9024
9365,1.5141
9366,1.5063
9367,1.4958
9368,1.4942
9369,1.5147
9370,1.5600
9371,1.7001
9372,1.0295
9373,0.8355
9374,0.8175
9375,0.8302
9376,0.8544
9377,0.8522
9378,0.7428
9379,0.4991
9380,1.2847
9381,1.5147
9382,1.5066
9383,1.4964
9384,1.4955
9385,1.5163
